{"features": [[34.34883333333333, 34.8793640642684, 40.38772222222222, 47.569998181983884, 56.78, 121.59016666666666, 95.59008190634168, 100.24166666666666, 22.61625368082777, 71.825, 0.21666666666666667], [39.78527777777778, 86.19000493051871, 62.83316666666666, 118.82957731312801, 32.71083333333333, 149.71383333333333, 96.23723781350036, 104.62916666666666, 82.79668863732145, 45.6875, 0.21], [44.739222222222224, 63.797202964250154, 74.87344444444444, 103.15028402676587, 44.285, 125.7105, 94.00030626885685, 138.73833333333334, 60.86801182796173, 52.4875, 0.54], [44.27755555555556, 94.53108581379884, 50.666222222222224, 100.56723363642827, 32.030833333333334, 138.7461111111111, 92.60583426778304, 163.19083333333333, 68.79919633231351, 45.9, 0.82], [25.38411111111111, 69.62948778904978, 26.907777777777778, 73.2777633813481, 10.5825, 149.91438888888888, 95.46621481308271, 75.28166666666667, 91.24091186097507, 22.3125, 0.61], [90.74277777777777, 84.71850744315, 85.05855555555556, 81.57866152181806, 81.1325, 129.98544444444445, 94.89439047536666, 111.18583333333333, 53.712937292973365, 90.1, 0.5566666666666666], [11.212222222222222, 37.54830023605974, 32.25022222222222, 53.691455454657834, 12.466666666666667, 146.02061111111112, 84.08584348855696, 198.275, 47.643128658111166, 20.4, 0.23333333333333334], [52.19155555555555, 73.52780332652874, 51.09511111111111, 53.65408919374064, 51.1275, 134.5476111111111, 90.7047025600957, 136.28833333333333, 37.45039203918817, 78.2, 0.5066666666666667], [35.320277777777775, 45.183142504583564, 31.7205, 39.73810991667822, 35.67166666666667, 128.42316666666667, 97.29067436738792, 67.93416666666667, 27.65730462835371, 78.2, 0.2966666666666667], [31.22, 48.015522258721475, 27.319444444444443, 38.13407720314997, 28.02166666666667, 134.27066666666667, 94.5574655704726, 139.40916666666666, 60.035004366665575, 75.8625, 0.5633333333333334]], "labels": [0, 0, 0, 0, 0, 0, 0, 0, 0, 0]}